{
  "open_ms_runs": [
    15.06029994925484,
    17.868499970063567,
    18.086600000970066
  ],
  "render_ms_runs": [
    9714.809299970511,
    9868.017599976156,
    10094.016799994279
  ],
  "total_ms_runs": [
    9781.46149998065,
    9952.228599984664,
    10172.44519997621
  ],
  "open_ms_median": 17.868499970063567,
  "render_ms_median": 9868.017599976156,
  "total_ms_median": 9952.228599984664,
  "output_png": "C:\\Users\\drew\\rustwx\\proof\\python_gfs_500mb_benchmark.png"
}